Run,Fitness,Blocks
1,2.665894508,32831 32832 32832 32832 32832 32831 32832 16448 16448 32832 32831 32832 16448 16448 32832 32831 32832 16448 16448 32832 32831 32831 32832 32832 32832
1,2.60159564,32832 16448 16448 16448 16448 0 16448 16448 16448 16448 0 0 16448 16448 16448 0 0 0 16448 16448 0 0 0 0 16448
1,2.563639641,0 16448 16448 16448 0 0 16448 16448 16448 0 0 16448 16448 16448 16448 0 16448 16448 16448 0 0 16448 16448 16448 0
1,1.528242111,32832 32832 16448 16448 32831 32832 16448 16448 16448 32831 32832 16448 16448 16448 32831 32832 16448 16448 16448 32831 32832 32832 16448 16448 32831
1,0.937536478,32832 16448 16448 16448 16448 32832 16448 16448 16448 16448 32831 16448 16448 16448 16448 32831 32831 16448 16448 16448 32831 32831 32831 32831 32831
1,-0.001404817,32832 16448 32831 32831 32831 64 64 32831 32831 32831 64 64 32831 32831 32831 64 64 32831 32831 32831 32832 64 32831 32831 32831
2,2.725744963,32831 32831 32832 32832 32832 32831 32832 32832 32832 32832 32831 32832 16448 32832 32832 32831 32832 32832 32832 32832 32831 32832 32832 32832 32832
2,2.706911325,32831 32832 32832 32832 32832 32831 32832 32832 32832 32832 32831 32832 16448 32832 32832 32831 32832 32832 32832 32832 32831 32832 32832 32832 32832
2,2.210433006,64 64 32832 32832 32832 64 32832 32832 32832 32832 32832 32832 32832 32832 32832 32832 32832 32832 32832 32832 32832 32832 32832 32832 32832
2,2.165598154,16448 32832 32832 32832 32832 16448 16448 32831 32831 32831 16448 32831 32831 32831 32831 16448 16448 32831 32831 32831 16448 16448 32831 32831 32831
2,2.122405529,0 16448 16448 16448 16448 0 0 16448 16448 16448 0 0 16448 0 0 0 0 0 0 0 0 0 0 0 0
2,0.757889152,32831 32831 32831 32831 32831 32831 32831 16448 16448 32831 32831 32831 16448 16448 32831 32831 32831 16448 16448 32831 32831 32831 32831 32831 32831
3,2.713920593,32831 32832 32832 32832 32832 32831 32832 32832 32832 32832 32831 32832 16448 32832 32832 32831 32832 32832 32832 32832 32831 32831 32832 32832 32832
3,2.702661514,32831 32831 32831 32831 32831 32831 32831 32832 32832 32832 32831 32832 32832 32832 32832 32831 32832 32832 32832 32832 32831 32832 32832 32832 32832
3,2.576647758,0 0 0 0 0 0 16448 16448 16448 0 16448 16448 16448 16448 16448 16448 16448 16448 16448 16448 0 16448 16448 16448 0
3,2.251340389,32831 16448 32832 16448 16448 32831 16448 16448 16448 16448 32832 32832 16448 16448 16448 32832 32832 16448 16448 16448 32832 32832 32832 16448 16448
3,2.103913784,32831 32832 32832 32832 32832 32831 32832 32832 32832 32832 32831 32832 32832 32832 32832 32831 32832 32832 32832 32832 32831 32832 32832 32832 32832
3,1.147992492,32831 32831 32831 32831 32831 32831 32831 32832 32832 32831 32831 32831 16448 32832 32831 32831 32831 32832 32832 32831 32831 32831 32831 32831 32831
4,2.706587315,16448 16448 16448 16448 16448 16448 16448 16448 16448 16448 16448 16448 16448 16448 16448 16448 16448 16448 16448 16448 16448 16448 16448 16448 16448
4,2.687462807,32831 32831 32832 32832 32832 32831 32832 32832 32832 32832 32831 32832 32832 32832 32832 32831 32832 32832 32832 32832 32831 32831 32831 32832 32831
4,2.686772823,32831 32831 32832 32832 32831 32831 32831 32832 32832 32832 32831 32832 32832 32832 32832 32831 32832 32832 32832 32832 32831 32831 32832 32832 32831
4,2.662372351,0 32832 32832 16448 16448 0 16448 16448 16448 16448 0 16448 16448 16448 16448 0 16448 16448 16448 16448 0 16448 16448 16448 16448
4,2.286458015,32831 32831 32831 32831 32831 32832 32832 32832 32832 32832 32832 32832 32832 32832 32832 32832 32832 32832 32832 32832 32832 32832 32832 32832 32832
4,2.087436438,32831 0 32832 32832 32832 32831 32832 32832 32832 32832 32831 32832 32832 32832 32832 32831 32832 32832 32832 32832 32831 32832 32832 32832 32832
5,2.726412296,32832 32832 16448 16448 16448 32832 32832 32832 16448 16448 32832 32832 16448 16448 16448 32832 32832 32832 16448 16448 32832 32832 16448 16448 16448
5,2.601287365,16448 16448 16448 16448 16448 0 16448 16448 16448 16448 0 0 16448 16448 16448 0 16448 16448 16448 16448 16448 16448 16448 16448 16448
5,2.263108492,16448 16448 16448 64 64 16448 16448 16448 16448 16448 16448 16448 0 16448 16448 16448 16448 16448 16448 16448 16448 16448 16448 16448 16448
5,0.998321891,0 32832 32832 32832 32832 0 32832 32832 32832 32832 0 32832 32832 32832 32832 0 32832 32832 32832 32832 0 32832 32832 32832 32832
5,0.770769477,0 0 0 0 0 0 0 0 0 0 0 0 32832 32832 0 0 0 0 0 0 0 0 0 0 0
5,0.73783946,0 32832 32832 32832 32832 0 32832 32832 32832 32832 0 32832 32832 32832 32832 0 0 32832 32832 32832 0 0 0 0 0
6,2.594407797,0 0 0 0 0 0 16448 16448 16448 0 0 16448 16448 16448 0 0 16448 16448 16448 0 0 0 0 0 0
6,2.321397305,32832 16448 16448 16448 16448 0 16448 16448 16448 16448 0 0 16448 16448 16448 0 0 16448 16448 16448 0 0 0 16448 16448
6,1.288870454,32832 16448 16448 16448 16448 32832 16448 16448 16448 16448 32832 16448 16448 16448 16448 32832 16448 16448 16448 16448 32832 16448 16448 16448 16448
6,0.610801101,32832 32832 32832 32832 16448 32832 32832 32832 32832 16448 32832 32832 16448 32832 16448 32832 32832 32832 32832 16448 32832 32832 32832 32832 16448
6,0.035117075,32831 32831 32831 32831 32831 32831 32831 32831 32831 32831 32831 32831 0 32831 16448 32831 32831 32831 32831 32831 32831 32831 32831 32831 32831
6,0.018828245,32832 32832 64 64 64 16448 64 64 64 64 16448 64 64 64 64 16448 64 64 64 64 32832 64 64 64 64
7,2.520886421,16448 16448 16448 16448 16448 64 16448 16448 16448 16448 64 16448 16448 16448 16448 64 64 16448 16448 16448 64 64 64 16448 16448
7,1.986423731,16448 16448 16448 16448 16448 16448 16448 16448 16448 16448 16448 16448 16448 16448 16448 0 16448 16448 16448 16448 0 16448 16448 16448 16448
7,1.818024039,0 0 0 0 0 0 0 16448 0 0 0 0 16448 16448 0 0 0 16448 0 0 0 0 0 0 0
7,1.573489189,32832 32832 32832 16448 16448 32832 32832 32832 16448 16448 32832 32832 16448 16448 16448 32832 32832 32832 16448 16448 32832 32832 32832 16448 16448
7,0.075338304,32832 32832 32831 32831 0 32832 32832 32831 32831 0 32832 32832 32831 32831 0 32832 32832 32831 32831 0 32832 32832 32831 32831 0
7,1.73E-14,0 0 0 0 0 0 0 16448 0 0 0 0 16448 0 0 0 0 0 0 0 0 0 0 0 0
8,2.558099508,16448 16448 16448 16448 16448 16448 16448 16448 16448 16448 64 16448 0 16448 16448 64 32831 16448 16448 16448 64 32831 32831 16448 16448
8,2.447187901,0 0 16448 16448 16448 16448 16448 16448 16448 16448 16448 16448 16448 16448 16448 16448 16448 16448 16448 16448 16448 16448 16448 16448 16448
8,2.170695543,64 64 64 32832 64 64 0 32832 32832 32832 64 32832 32832 32832 32832 64 32832 32832 32832 32832 64 32832 32832 32832 32832
8,2.094165802,0 16448 16448 16448 16448 16448 16448 16448 16448 16448 16448 16448 16448 16448 16448 16448 16448 16448 16448 16448 16448 16448 16448 16448 16448
8,0.083962955,16448 16448 32831 32831 32831 0 32831 32831 32831 32831 0 32831 32831 32831 32831 0 0 0 0 0 0 0 0 0 0
8,0.017583432,64 64 64 64 64 64 64 64 64 64 64 64 32832 64 64 64 64 64 64 64 64 64 64 64 64
9,2.646688938,32831 32831 64 64 64 16448 16448 16448 16448 16448 16448 16448 16448 16448 16448 16448 16448 16448 16448 16448 16448 16448 16448 16448 16448
9,2.627998114,0 16448 16448 16448 16448 0 16448 16448 16448 16448 0 16448 16448 16448 16448 0 16448 16448 16448 0 0 0 0 0 0
9,2.529219151,0 16448 16448 16448 32832 16448 16448 16448 16448 16448 16448 16448 16448 16448 16448 16448 16448 16448 16448 16448 16448 16448 16448 16448 16448
9,0.027883667,16448 16448 16448 16448 32831 64 16448 16448 16448 32831 64 32831 0 32831 32831 64 32831 32831 32831 32831 64 32831 32831 32831 32831
9,0.008315463,32832 64 64 64 64 64 64 64 64 64 64 64 64 64 64 64 64 64 64 64 64 64 64 64 64
9,-0.759165883,32832 32832 32831 32831 32831 32832 32832 64 32831 32831 32832 64 64 64 32831 32832 64 64 64 32831 32832 64 64 32831 32831
10,2.701373577,32832 32832 32832 32832 32832 32832 16448 16448 16448 32832 16448 16448 16448 16448 16448 16448 16448 16448 16448 16448 16448 16448 16448 16448 16448
10,2.649732113,0 0 32831 32831 32831 0 16448 16448 16448 16448 16448 16448 16448 16448 16448 16448 16448 16448 16448 16448 16448 16448 16448 16448 16448
10,2.585519075,32832 64 64 64 64 16448 64 64 64 64 16448 16448 64 64 64 16448 16448 64 64 64 16448 16448 64 64 64
10,2.545001507,32831 64 64 64 64 32831 16448 16448 16448 16448 16448 16448 16448 16448 16448 16448 16448 16448 16448 16448 16448 16448 16448 16448 16448
10,2.490484476,32832 32832 32832 32832 32832 32832 32832 0 0 0 32832 0 0 0 0 32831 0 0 0 0 0 0 0 0 0
10,2.159363747,32831 32831 16448 16448 16448 16448 16448 16448 16448 16448 16448 16448 16448 16448 16448 16448 16448 16448 16448 16448 16448 16448 16448 16448 16448
11,2.708869696,32831 64 64 64 64 16448 16448 16448 16448 16448 16448 16448 16448 16448 16448 16448 16448 16448 16448 16448 16448 16448 16448 16448 16448
11,2.69533515,32831 32831 32831 32831 32831 32831 32831 16448 16448 16448 16448 16448 16448 16448 16448 16448 16448 16448 16448 16448 16448 16448 16448 16448 16448
11,2.68017602,0 32831 32831 32831 32831 32831 16448 16448 16448 16448 16448 16448 16448 16448 16448 16448 16448 16448 16448 16448 16448 16448 16448 16448 16448
11,2.111996412,0 0 0 0 0 0 16448 16448 0 0 16448 16448 16448 16448 16448 16448 16448 16448 16448 16448 16448 16448 16448 16448 16448
11,2.090423822,32832 32832 32832 32832 32832 32832 32832 32832 32832 32832 32832 32832 32832 32832 32832 32832 32832 32832 32832 32832 32832 32832 32832 32832 32832
11,6.51E-09,16448 0 0 0 0 16448 0 0 0 0 16448 0 0 0 0 16448 0 0 0 0 16448 0 0 0 0
12,2.729376316,64 64 32832 32832 32832 16448 32832 32832 32832 32832 32832 32832 32832 32832 32832 16448 16448 0 16448 16448 16448 0 0 0 16448
12,2.649371147,32832 32832 32832 32832 32832 16448 16448 16448 16448 16448 16448 16448 16448 16448 16448 16448 16448 16448 16448 16448 16448 16448 16448 16448 16448
12,2.539375544,32831 16448 16448 16448 16448 16448 16448 16448 16448 16448 16448 16448 16448 16448 16448 16448 16448 16448 16448 16448 16448 16448 16448 16448 16448
12,1.978692055,0 0 0 0 0 16448 0 0 0 0 16448 0 0 0 0 32832 0 0 0 0 32832 32832 0 0 0
12,0.043764841,32831 32831 32831 32831 32831 32831 32831 32831 32831 32831 16448 16448 32831 32831 32831 16448 16448 32831 32831 32831 16448 16448 32831 32831 32831
12,0.016108731,64 64 64 64 64 64 64 16448 16448 64 64 32831 32831 32831 64 64 32831 32831 32831 64 64 32831 32831 32831 32831
13,2.709205151,64 32832 32832 32832 32832 16448 32832 32832 32832 32832 16448 16448 32832 32832 32832 16448 16448 16448 16448 16448 16448 16448 16448 16448 16448
13,2.691102982,32832 32832 32832 32832 32832 32832 32832 32832 32832 32832 32832 32832 32832 32832 32832 16448 16448 16448 16448 16448 16448 16448 16448 16448 16448
13,2.651292801,32832 32832 16448 16448 16448 32832 32832 16448 16448 16448 32831 32832 16448 16448 16448 32832 32832 16448 16448 16448 32832 32832 16448 16448 16448
13,2.617247105,64 64 64 64 64 16448 16448 16448 16448 16448 16448 16448 16448 16448 16448 0 0 0 0 16448 0 0 0 0 0
13,2.467041492,0 0 16448 32832 32832 0 16448 16448 32832 32832 0 16448 16448 32832 32832 0 0 0 16448 16448 0 0 0 0 0
13,0.01491406,64 16448 16448 16448 16448 16448 0 0 0 0 0 0 0 0 0 0 0 0 0 0 0 0 0 0 0
14,2.69495368,64 32831 32831 32831 32831 16448 16448 32831 32831 32831 16448 16448 16448 32831 32831 16448 16448 16448 16448 16448 16448 16448 16448 16448 16448
14,2.651875496,32832 32832 32832 32832 32832 32832 32832 32832 32832 32832 32832 32832 32832 32832 32832 32832 32832 32832 32832 32832 16448 16448 16448 16448 16448
14,2.548252106,64 32831 32831 32831 32831 64 32832 32832 32832 32832 64 32832 32832 32832 32832 64 32832 32832 32832 32832 64 64 32832 32832 32832
14,1.513929844,32831 32831 32831 16448 16448 32831 32831 32831 32831 16448 32831 32831 32831 32831 16448 32831 32831 32831 16448 16448 32831 32831 16448 16448 16448
14,1.496843815,64 64 64 32832 32832 32832 32832 32832 32832 32832 32832 32832 32832 32832 32832 32832 32832 32832 32832 32832 32832 32832 32832 32832 32832
14,0.01913227,32831 32831 16448 16448 16448 32831 32831 32831 16448 16448 32831 32831 32831 32831 32831 32831 32831 32831 32831 32831 32831 32831 32831 32831 32831
15,2.725288391,32831 32831 32831 64 64 32831 32831 32831 64 64 16448 16448 16448 64 64 16448 16448 16448 16448 16448 16448 16448 16448 16448 16448
15,2.724320173,64 64 64 64 64 32832 32832 32832 32832 32832 32832 32832 32832 32832 32832 16448 16448 16448 16448 16448 16448 16448 16448 16448 16448
15,2.72161603,64 32831 32831 32831 32831 32832 32832 32832 32832 32832 32832 32832 32832 32832 32832 32832 32832 32832 32832 32832 16448 16448 16448 16448 16448
15,1.577040195,64 64 64 64 64 16448 64 64 64 64 16448 16448 16448 64 64 16448 16448 16448 64 64 16448 16448 16448 64 64
15,0.39094466,16448 16448 16448 16448 32832 16448 16448 16448 32832 32832 16448 16448 32832 32832 32832 16448 16448 32832 32832 32832 16448 16448 32832 32832 32832
15,0.041415311,64 64 64 64 64 64 64 64 64 64 64 64 64 64 64 16448 64 64 64 64 16448 16448 64 64 64
16,2.048226118,64 32831 32831 32831 32831 32832 32832 32832 32832 32832 32832 32832 32832 32832 32832 32832 32832 32832 32832 32832 32832 32832 32832 32832 32832
16,1.408634424,64 64 32832 32832 32832 32832 32832 32832 32832 32832 32832 32832 32832 32832 32832 32832 32832 32832 32832 32832 32832 32832 32832 32832 32832
16,1.28670752,64 64 64 64 64 32832 32832 32832 32832 32832 32832 32832 32832 32832 32832 32832 32832 32832 32832 32832 32832 32832 32832 32832 32832
16,0.094996154,64 64 64 64 64 32832 32832 64 64 64 32832 32832 64 64 64 32832 32832 64 64 64 32832 32832 64 64 64
16,0.083736852,32831 64 64 64 64 32831 64 64 64 64 32832 64 64 64 64 32832 64 64 64 64 32832 32832 64 64 64
16,-0.672047496,0 0 0 0 0 0 0 0 0 0 32832 0 0 0 0 32832 0 0 0 0 32832 32832 0 0 0
17,2.704787016,16448 64 64 64 16448 16448 64 64 64 16448 16448 64 64 64 16448 16448 16448 16448 16448 16448 16448 16448 16448 16448 16448
17,2.384546041,64 64 64 64 64 32832 32832 32832 32832 64 32832 32832 32832 32832 32832 32832 32832 32832 32832 32832 32832 32832 32832 32832 32832
17,1.516921282,32831 16448 16448 16448 16448 32832 32832 32832 16448 16448 32832 32832 32832 32832 32832 32832 32832 32832 32832 32832 64 64 32832 32832 32832
17,0.713858664,32832 32832 32832 32832 32832 32832 32832 32832 32832 32832 32832 32832 0 32832 32832 32832 32832 32832 32832 32832 32832 32832 32832 32832 32832
17,0.059460759,32832 16448 16448 16448 16448 64 64 16448 64 64 64 64 64 64 64 64 64 64 64 64 64 64 64 64 64
17,0.01164053,32832 32832 64 64 64 32831 32831 32831 64 64 32831 32831 32831 32831 32831 32831 32831 32831 32831 32831 32831 32831 32831 32831 32831
18,2.722278118,16448 16448 16448 16448 16448 16448 64 32832 16448 16448 16448 32832 32832 16448 16448 16448 16448 16448 16448 16448 16448 16448 16448 16448 16448
18,2.551735401,64 64 64 64 64 32832 32832 64 64 64 32832 32832 32832 32832 64 32832 32832 32832 32832 32832 32832 32832 32832 32832 32832
18,1.723376751,16448 0 0 0 0 16448 16448 0 0 0 16448 32832 32832 32832 0 32832 32832 32832 32832 0 32832 32832 32832 32832 32832
18,1.682989836,32832 32832 32832 32832 32832 32832 32832 32832 32832 32832 32832 32832 16448 32832 32832 32832 32832 16448 32832 32832 32832 32832 32832 32832 32832
18,1.101240516,32832 32832 32832 32832 32832 32832 0 0 0 32832 0 0 0 0 0 0 0 0 0 0 0 0 0 0 0
18,0.0214338,16448 64 64 64 16448 64 64 64 64 64 64 64 64 64 64 64 64 64 64 64 64 64 64 64 64
19,2.623272419,16448 16448 16448 16448 16448 16448 16448 16448 16448 16448 16448 16448 0 16448 16448 16448 16448 0 16448 16448 16448 16448 16448 16448 16448
19,2.570567608,16448 16448 64 16448 16448 16448 32832 32832 32832 16448 32832 32832 32832 32832 32832 16448 32832 32832 32832 16448 16448 32832 32832 32832 16448
19,2.519146442,16448 16448 16448 16448 16448 16448 32832 32832 32832 16448 32832 32832 32832 32832 32832 16448 32832 32832 32832 16448 16448 16448 32832 16448 16448
19,2.468334198,64 64 64 64 64 32832 64 64 64 64 32832 32832 32832 64 64 32832 32832 32832 32832 64 32832 32832 32832 32832 32832
19,1.909316182,0 0 0 0 0 32832 32832 32832 32832 32832 32832 32832 32832 32832 32832 32832 32832 32832 32832 32832 32832 32832 32832 32832 32832
19,1.533882499,16448 16448 16448 16448 16448 16448 32832 32832 32832 16448 32832 32832 32832 32832 16448 32832 32832 32832 32832 32832 32832 32832 32832 32832 16448
20,2.733711958,32831 32831 32831 32831 32831 32831 16448 16448 16448 32831 16448 16448 16448 16448 16448 16448 16448 16448 16448 16448 32831 16448 16448 16448 32831
20,2.679098606,16448 16448 16448 16448 16448 16448 16448 16448 16448 16448 16448 16448 32832 16448 16448 16448 16448 16448 16448 16448 16448 16448 16448 16448 16448
20,2.083752632,32832 32832 32832 32832 32832 32832 32832 32832 32832 32832 32831 32832 32832 32832 32832 32831 32831 32831 32832 32832 32831 32831 32831 32831 32832
20,1.959316969,16448 16448 16448 16448 16448 16448 16448 16448 16448 16448 16448 16448 0 16448 16448 16448 16448 16448 16448 16448 16448 16448 16448 16448 16448
20,1.890328169,32832 32832 32832 32832 32832 32832 32832 32832 32832 32832 32832 0 0 0 32832 0 0 0 0 0 0 0 0 0 0
20,0.039675906,32831 32831 32831 32831 32831 32831 32831 0 32831 32831 32831 16448 0 16448 32831 32831 32831 16448 32831 32831 32831 32831 32831 32831 32831
21,2.709928513,16448 16448 16448 64 64 16448 16448 16448 16448 16448 16448 16448 16448 16448 16448 16448 16448 16448 16448 16448 16448 16448 16448 16448 16448
21,2.686609745,16448 16448 16448 16448 16448 16448 16448 16448 16448 16448 16448 16448 16448 16448 16448 16448 16448 16448 16448 16448 16448 16448 16448 16448 64
21,2.432312965,16448 16448 16448 64 64 16448 16448 16448 16448 64 16448 16448 16448 16448 16448 16448 16448 16448 16448 16448 0 16448 16448 16448 0
21,2.255987883,32831 32832 32832 32832 32832 32832 32832 32832 32832 32832 32832 32832 32832 32832 32832 32832 32832 32832 32832 32832 32832 32832 32832 32832 32832
21,2.015562534,32832 64 64 64 64 32832 16448 16448 64 64 0 16448 16448 16448 64 0 16448 16448 16448 64 0 32832 16448 16448 64
21,0.918824553,32832 32832 32832 32832 32832 32832 32832 32832 32832 32832 32832 32832 32832 32832 32832 32832 32832 32832 32832 32832 0 0 0 0 0
22,2.690237999,16448 16448 16448 16448 16448 64 32832 32832 32832 32832 32832 32832 32832 32832 32832 32832 32832 32832 32832 32832 32832 32832 32832 32832 32832
22,2.52800107,32832 16448 16448 64 64 16448 16448 16448 16448 16448 16448 16448 16448 16448 16448 16448 16448 16448 16448 16448 16448 16448 16448 16448 16448
22,2.346197128,32831 32831 16448 32831 32831 16448 16448 16448 16448 16448 16448 16448 16448 16448 16448 16448 16448 16448 16448 16448 0 16448 16448 16448 0
22,0.721432507,0 0 0 0 0 0 0 0 0 0 0 0 0 32832 0 0 0 0 0 0 0 0 0 0 0
22,0.218418896,32832 32832 64 64 64 32832 64 64 64 64 32832 0 64 64 64 32832 0 64 64 64 32832 0 64 64 64
22,0.056286234,32832 32832 32831 32831 32831 32832 32832 16448 16448 16448 32832 32832 64 16448 16448 32832 32832 16448 16448 16448 32832 32832 32832 16448 16448
23,2.60008502,64 32831 32831 32831 32831 64 32831 32831 32831 32831 64 32832 32832 32832 32831 64 32832 32832 32832 32832 64 64 32832 32832 32832
23,2.519668579,32832 32832 32832 32832 32832 32832 32832 32832 32832 32832 16448 32832 32832 32832 16448 16448 16448 16448 16448 16448 16448 16448 16448 16448 16448
23,0.501320481,16448 16448 16448 16448 16448 16448 16448 16448 16448 16448 16448 32831 32831 32831 16448 16448 32831 32831 32831 16448 32831 32831 32831 32831 32831
23,0.477709532,32831 32831 32831 32831 32831 32831 32832 32832 32832 32831 32832 32832 32832 32832 32832 32832 32832 32832 32832 32832 32832 32832 32832 32832 32832
23,0.026551818,16448 16448 16448 16448 16448 32831 32831 32831 32831 32831 32831 32831 32831 32831 32831 32831 32831 32831 32831 32831 32831 32831 32831 32831 32831
23,-0.009734181,0 64 64 64 64 0 0 64 64 64 0 0 16448 64 64 0 0 0 0 0 0 0 0 0 0
24,2.683867455,0 32831 32831 32831 0 0 16448 16448 16448 0 16448 16448 32832 16448 16448 16448 16448 16448 16448 16448 16448 16448 16448 16448 16448
24,2.540032864,32832 32832 32832 32832 32832 32832 32832 32832 32832 32832 32832 32832 32832 32832 32832 32832 32832 32832 32832 32832 32832 16448 16448 16448 32832
24,2.456653833,16448 32832 32832 32832 16448 16448 32832 32832 32832 16448 16448 16448 32832 16448 16448 16448 16448 16448 16448 16448 16448 16448 16448 16448 16448
24,1.813831091,64 32831 32831 32831 32831 32832 32832 32832 32831 32831 32832 32832 0 32832 32831 32832 32832 32832 32832 32832 32832 32832 32832 32832 32832
24,0.051769003,16448 16448 16448 16448 16448 16448 16448 16448 16448 16448 32831 32831 32831 32831 32831 32831 32831 32831 32831 32831 32831 32831 32831 32831 32831
24,-0.592379332,64 64 0 0 0 64 64 0 0 0 64 64 0 0 0 64 64 0 0 0 32832 64 0 0 0
25,2.6997931,32831 32831 32831 32831 32831 64 32832 32832 32832 64 64 32832 32832 32832 64 64 16448 16448 16448 64 64 16448 16448 16448 64
25,2.643583775,0 32831 32831 32831 0 32831 32831 32831 32831 32831 16448 16448 16448 16448 16448 16448 16448 16448 16448 16448 16448 16448 16448 16448 16448
25,2.520749331,0 0 0 0 0 0 0 16448 0 0 16448 16448 16448 16448 16448 16448 16448 16448 16448 16448 16448 16448 16448 16448 16448
25,1.145808458,64 32832 32832 32832 32832 64 32832 32832 32832 32832 0 0 0 0 32832 0 0 0 0 0 0 0 0 0 0
25,0.297310948,0 0 0 0 0 64 64 64 64 64 64 32832 32832 32832 64 64 64 32832 64 64 64 64 64 64 64
25,0.021593604,16448 16448 32831 32831 32831 16448 32831 32831 32831 32831 16448 32831 32831 32831 32831 16448 32831 32831 32831 32831 16448 16448 32831 32831 32831
26,2.560247898,0 0 0 0 0 0 16448 16448 16448 16448 16448 16448 16448 16448 16448 16448 16448 16448 16448 16448 16448 16448 16448 16448 16448
26,2.245943069,64 64 64 64 64 64 64 32832 32832 64 64 64 32832 32832 64 64 64 32832 32832 64 64 64 64 64 64
26,2.191772223,16448 16448 16448 16448 16448 0 16448 16448 16448 0 0 0 0 0 0 0 0 0 0 0 0 0 0 0 0
26,0.756692767,0 0 64 64 64 0 16448 16448 16448 64 0 16448 16448 16448 64 0 64 16448 16448 64 0 0 64 64 64
26,0.024155915,0 32832 32832 64 0 32832 32832 32831 32831 32831 32832 32832 32831 32831 32831 32832 32832 32831 32831 32831 0 32832 32831 32831 0
26,0.01259803,16448 64 64 64 64 64 64 64 64 64 64 64 64 64 64 64 64 64 64 64 64 64 64 64 64
27,2.698581457,64 16448 16448 16448 16448 64 16448 16448 16448 16448 64 16448 16448 16448 16448 64 16448 16448 16448 16448 64 16448 16448 16448 16448
27,2.492905855,0 0 16448 16448 16448 0 16448 16448 16448 16448 16448 16448 16448 16448 16448 16448 16448 16448 16448 16448 16448 16448 16448 16448 16448
27,2.191951752,0 0 0 0 0 0 0 0 0 0 0 0 16448 16448 16448 0 0 0 16448 16448 0 0 0 16448 16448
27,1.417906642,0 0 0 0 16448 64 0 0 0 16448 64 0 0 0 16448 64 64 0 64 16448 64 64 64 64 16448
27,0.599229395,32832 16448 16448 16448 0 32832 16448 16448 16448 16448 32832 16448 16448 16448 16448 32832 16448 16448 16448 16448 32832 16448 16448 16448 16448
27,3.55E-15,0 0 0 0 0 0 0 0 0 0 0 0 16448 0 0 0 0 0 0 0 0 0 0 0 0
28,2.655523539,16448 16448 16448 16448 64 16448 16448 16448 16448 16448 16448 16448 16448 16448 16448 16448 16448 16448 16448 16448 16448 16448 16448 16448 64
28,2.541935444,32832 32832 16448 16448 16448 32832 32832 16448 16448 16448 32832 32832 16448 16448 16448 32832 32832 16448 16448 16448 32832 32832 16448 16448 16448
28,2.192443371,0 0 0 0 0 0 0 0 16448 0 0 0 16448 16448 16448 0 0 0 0 0 0 0 0 0 0
28,2.102122068,0 0 0 0 0 0 0 0 0 0 0 16448 16448 16448 0 0 0 16448 16448 0 0 0 0 0 0
28,1.345122576,64 64 32832 64 64 32832 32832 32832 32832 32832 32832 32832 32832 32832 32832 32832 32832 32832 32832 32832 32832 32832 32832 32832 32832
28,-0.042224146,32832 32832 32831 32831 32831 32832 32832 32831 32831 32831 0 32831 32831 32831 32831 0 0 32831 32831 0 0 0 0 0 0
29,2.809210062,16448 16448 16448 16448 16448 0 16448 16448 16448 16448 0 0 0 0 0 0 0 0 0 0 0 0 0 0 0
29,2.601847649,0 0 32832 32832 32832 0 64 32832 32832 32832 64 64 32832 32832 32832 64 64 32832 32832 32832 64 64 32832 32832 32832
29,2.527442455,64 64 16448 16448 16448 64 64 16448 16448 16448 0 16448 16448 16448 16448 64 64 16448 16448 16448 64 64 16448 16448 16448
29,1.306701303,0 64 64 64 64 0 32832 32832 32832 64 0 32832 32832 32832 64 0 32832 32832 32832 64 0 64 64 64 64
29,0.043990653,32831 64 64 64 64 16448 64 64 64 64 16448 16448 16448 64 64 16448 64 64 64 64 16448 64 64 64 64
29,0.005091153,16448 32831 32831 32831 0 16448 32831 32831 32831 0 16448 32831 32831 32831 0 16448 32831 32831 32831 0 64 16448 32831 32831 0
30,2.68418169,32831 16448 16448 16448 16448 32831 16448 16448 16448 16448 32831 32831 16448 16448 16448 0 0 0 0 0 0 0 0 0 0
30,2.54396677,0 16448 16448 16448 16448 0 16448 16448 16448 16448 0 16448 16448 16448 16448 0 16448 16448 16448 16448 0 16448 16448 16448 16448
30,2.092703819,0 16448 16448 16448 16448 0 0 16448 16448 0 0 0 0 0 0 0 0 0 0 0 0 0 0 0 0
30,1.972156286,0 0 16448 16448 16448 0 0 0 0 0 0 0 0 0 0 0 0 0 0 0 0 0 0 0 0
30,0.927785277,32832 16448 16448 16448 16448 0 16448 16448 16448 16448 0 0 16448 0 0 0 0 0 0 0 0 0 0 0 0
30,0.142182112,32831 32831 32831 32831 32831 32831 32831 16448 32831 32831 0 0 0 0 0 0 0 0 0 0 0 0 0 0 0
31,2.661839008,16448 16448 16448 16448 16448 64 16448 16448 16448 16448 64 16448 16448 16448 16448 64 64 16448 16448 16448 64 64 64 64 64
31,2.088314295,16448 16448 16448 16448 16448 16448 16448 16448 16448 16448 16448 16448 16448 16448 16448 16448 16448 16448 16448 16448 32831 16448 16448 16448 16448
31,1.96027863,64 64 64 64 16448 32831 64 64 64 16448 32831 32831 32832 32832 32832 32831 32831 32832 32832 32832 32831 32831 32831 32831 32832
31,1.420030594,16448 16448 16448 16448 16448 32832 16448 16448 16448 16448 32832 32832 32832 16448 16448 32832 32832 32832 32832 16448 0 0 0 0 0
31,0.798642755,64 32831 16448 16448 16448 32831 32831 32831 16448 16448 32831 32831 32831 32831 32831 0 0 0 0 0 0 0 0 0 0
31,0.035987671,64 16448 16448 16448 16448 64 16448 16448 16448 16448 64 64 16448 16448 64 64 64 64 64 64 64 64 64 64 64
32,2.713759899,16448 16448 16448 16448 16448 16448 16448 16448 16448 16448 16448 16448 16448 16448 16448 32831 16448 16448 16448 16448 32831 16448 16448 16448 16448
32,2.69105196,16448 0 0 0 0 16448 16448 32831 32831 0 16448 32832 64 32831 32831 16448 16448 32831 32831 32831 16448 16448 16448 32831 32831
32,2.676750183,16448 16448 16448 16448 16448 16448 16448 16448 16448 16448 16448 32832 32832 32832 16448 0 32832 32832 32832 0 32832 32832 32832 32832 32832
32,2.654109955,16448 16448 16448 16448 16448 16448 16448 16448 16448 16448 16448 16448 16448 16448 16448 32831 16448 16448 16448 16448 32831 32831 16448 16448 16448
32,0.642374337,16448 16448 16448 16448 16448 16448 16448 16448 16448 16448 0 16448 16448 16448 16448 0 0 16448 16448 16448 0 0 0 0 0
32,0.075633191,16448 16448 16448 16448 16448 16448 16448 16448 16448 16448 64 16448 16448 16448 16448 64 64 64 64 64 64 64 64 64 64
33,1.870455742,32831 32831 32831 32831 32831 32832 32832 16448 16448 16448 32832 32832 0 32832 32832 32832 32832 32832 32832 32832 32832 32832 32832 32832 32832
33,0.408960223,32831 16448 16448 16448 16448 32832 16448 16448 16448 16448 32832 32832 16448 16448 16448 32832 32832 16448 16448 16448 32832 32832 16448 16448 16448
33,0.035817835,16448 16448 32831 32831 32831 16448 32831 32831 32831 32831 16448 32831 32831 32831 32831 16448 32831 32831 32831 32831 16448 32831 32831 32831 32831
33,0.028411195,16448 16448 16448 16448 16448 16448 16448 16448 32831 32831 32831 32831 32831 32831 32831 32831 32831 32831 32831 32831 32831 32831 32831 32831 32831
33,0.024779964,16448 16448 16448 16448 16448 32831 32831 32831 16448 16448 32831 32831 0 32831 32831 32831 32831 32831 32831 32831 32831 32831 32831 32831 32831
33,-0.253640413,32831 32831 16448 16448 32831 32832 32831 32831 16448 32831 32832 32832 32831 32831 32831 32832 32832 32832 32831 32831 32832 32832 32832 32831 32831
34,2.759039402,0 0 16448 16448 16448 0 0 16448 16448 16448 0 0 16448 16448 16448 0 32832 16448 16448 16448 32832 32832 32832 16448 16448
34,2.598895788,0 0 32831 32831 32831 0 32831 32831 32831 32831 0 32832 32832 32832 32832 32832 32832 32832 32832 32832 32832 32832 32832 32832 32832
34,2.455708027,32831 32832 32832 32832 32832 32832 32832 32832 32832 32832 32832 32832 32832 32832 32832 16448 32832 32832 32832 32832 16448 16448 32832 32832 32832
34,1.24964416,64 64 64 64 64 64 64 64 64 64 64 64 64 64 16448 32832 32832 32832 32832 16448 32832 32832 32832 32832 32832
34,0.155799389,0 16448 16448 16448 16448 16448 16448 16448 16448 16448 32831 32831 32831 16448 16448 32831 32831 32831 32831 32831 32831 32831 32831 32831 32831
34,-0.001952663,32832 32831 32831 32831 32831 32832 32831 32831 32831 32831 32832 32831 32831 32831 32831 32832 32831 32831 32831 32831 32831 32831 32831 32831 32831
35,2.72324276,32832 32832 32832 32832 32832 32832 32832 32832 32832 32832 32832 32832 32832 32832 32832 16448 32832 32832 32832 32832 16448 32832 32832 32832 32832
35,2.651674271,16448 32832 32832 32832 32832 16448 16448 32832 32832 32832 16448 32831 32831 32832 32832 32831 32831 32831 32832 32832 32831 32831 32831 32832 32832
35,2.633511543,0 0 16448 16448 16448 0 0 0 16448 16448 0 0 0 0 16448 0 0 0 0 0 0 0 0 0 0
35,2.615715265,32831 32831 16448 16448 16448 32832 32832 16448 16448 16448 32832 32832 32832 16448 16448 32832 32832 32832 32832 16448 32832 32832 32832 32832 16448
35,2.365547657,0 0 0 0 0 0 0 0 0 0 64 64 64 64 64 64 64 64 64 64 32832 32832 32832 32832 32832
35,2.184114218,0 16448 16448 16448 16448 0 32831 16448 16448 16448 32831 32831 32831 16448 16448 32831 32831 32831 32831 16448 32831 32831 32831 32831 16448
36,2.691042423,16448 16448 16448 32832 32832 16448 16448 16448 16448 32832 16448 16448 32831 16448 32832 16448 16448 32831 16448 32832 16448 32831 32831 32832 32832
36,2.645742416,32832 32832 32832 32832 32832 32832 32832 32832 32832 32832 32831 32831 32831 32832 32832 32831 32831 32831 32832 32832 32831 32831 32831 32831 32831
36,2.488102674,32832 32832 32832 32832 32832 32832 32832 32832 32832 32832 16448 32832 32832 32832 32832 16448 16448 32832 32832 32832 16448 16448 32832 32832 32832
36,2.28622818,64 32832 32832 32832 32832 64 32832 32832 32832 32832 16448 32832 32832 32832 32832 16448 32832 32832 32832 32832 16448 16448 32832 32832 32832
36,1.407326221,32832 64 64 64 32832 64 64 64 0 0 64 64 0 0 0 64 64 64 0 0 32832 64 64 0 0
36,0.000536335,0 0 0 0 0 0 0 0 0 0 0 0 32832 0 0 0 0 0 0 0 0 0 0 0 0
37,2.58749342,16448 16448 32832 32832 32832 16448 16448 32832 32832 32832 16448 16448 32832 32832 32832 16448 32831 32832 32832 32832 32831 32831 32831 32832 32832
37,1.97895062,64 16448 16448 32832 32832 16448 16448 32832 32832 32832 32831 16448 32832 32832 32832 32831 32831 32832 32832 32832 32831 32831 32831 32832 32832
37,1.366520643,0 0 0 32832 32832 0 0 0 0 32832 0 0 0 0 32832 0 0 0 0 32832 0 0 0 32832 32832
37,0.634606838,16448 32832 32832 32832 32832 16448 32832 32832 32832 32832 16448 32832 32832 32832 32832 16448 16448 32832 32832 32832 16448 16448 32832 32832 32832
37,0.031502552,16448 32832 32832 32832 32832 16448 16448 32832 32832 32832 16448 16448 16448 32832 32832 16448 16448 32832 32832 32832 16448 32832 32832 32832 32832
37,-0.018647341,32832 64 64 64 64 32832 64 64 64 64 32832 64 64 64 64 64 64 64 64 64 64 64 64 64 64
38,2.693433285,0 0 0 0 0 0 0 0 0 0 16448 0 64 0 0 16448 16448 64 0 0 16448 16448 16448 0 0
38,2.635534286,32832 16448 32831 32831 32831 16448 16448 16448 16448 16448 16448 16448 16448 16448 16448 16448 16448 16448 16448 16448 16448 16448 16448 16448 16448
38,2.547391891,64 64 64 32832 32832 64 16448 32832 32832 32832 32831 32831 32832 32832 32832 32831 32831 32832 32832 32832 32831 32831 32831 32832 32832
38,2.41328764,64 32832 32832 32832 32832 32831 32832 32832 32832 32832 32831 32831 32832 32832 32832 32831 32831 32832 32832 32832 32831 32831 32832 32832 32832
38,2.048055172,64 64 64 64 64 64 0 32832 32832 32832 32831 32831 32832 32832 32832 32831 32831 32831 32832 32832 32831 32831 32831 32831 32832
38,-1.084831238,32832 32832 16448 16448 16448 32832 32832 16448 16448 16448 32832 32832 16448 16448 16448 32832 32832 32832 32832 16448 32832 32832 32832 32832 32831
39,2.776422024,0 0 0 0 0 0 0 32832 32832 32832 16448 16448 32832 32832 32832 16448 16448 16448 32832 32832 16448 16448 16448 16448 0
39,2.725394249,0 16448 16448 16448 16448 0 0 32832 16448 16448 0 0 32832 16448 16448 64 64 16448 16448 16448 64 64 16448 16448 16448
39,2.724797726,32832 32832 32832 32832 32832 16448 16448 16448 32832 32832 16448 16448 16448 16448 16448 16448 16448 16448 16448 16448 16448 16448 16448 16448 16448
39,2.709386826,16448 32832 32832 32832 32832 16448 16448 16448 32832 32832 16448 16448 16448 16448 16448 16448 16448 16448 16448 16448 16448 16448 16448 16448 16448
39,2.316525459,0 0 32832 32832 32832 0 0 32832 32832 32832 0 16448 16448 32832 32832 0 16448 16448 16448 32832 0 16448 16448 16448 0
39,0.051132824,0 0 0 0 0 16448 16448 64 0 0 16448 16448 16448 64 64 64 16448 16448 64 64 64 64 64 64 64
40,2.725873947,0 0 0 0 0 0 0 32832 32832 0 16448 16448 32832 32832 0 16448 16448 32832 32832 0 16448 16448 16448 0 0
40,2.507237911,0 0 16448 16448 0 0 16448 16448 16448 16448 0 16448 16448 16448 16448 16448 16448 16448 16448 16448 0 16448 16448 16448 0
40,2.37268424,0 0 0 0 0 16448 16448 32832 0 0 16448 16448 16448 32832 0 16448 16448 16448 0 0 16448 16448 16448 16448 0
40,2.303369045,32831 32831 32831 32831 32831 32831 32831 16448 16448 32831 32831 16448 16448 16448 16448 32831 0 16448 16448 32831 32831 0 0 32831 32831
40,0.961901248,0 0 32832 32832 32832 0 32832 32832 32832 32832 0 32832 32832 32832 32832 0 32832 32832 32832 32832 0 32832 32832 32832 32832
40,0.039276469,0 0 0 16448 16448 64 16448 16448 16448 16448 64 16448 16448 16448 64 64 64 64 64 64 64 64 64 64 64
41,2.694816828,0 0 0 32832 0 0 32832 32832 32832 32832 0 32832 32832 32832 32832 0 32832 32832 32832 32832 0 32832 32832 32832 0
41,2.645515919,0 0 32832 32832 32832 0 32832 32832 32832 32832 16448 16448 32832 32832 32832 16448 16448 16448 32832 32832 16448 16448 16448 16448 0
41,2.60845542,0 0 0 16448 16448 0 0 16448 16448 16448 0 16448 16448 16448 16448 16448 16448 16448 16448 16448 16448 16448 16448 16448 16448
41,2.358949661,0 0 0 0 0 0 0 0 0 0 16448 16448 0 0 0 16448 16448 0 0 0 16448 16448 0 0 0
41,2.108548641,64 64 64 32832 32832 64 64 32832 32832 32832 16448 32832 32832 32832 32832 16448 16448 32832 32832 32832 16448 16448 32832 32832 32832
41,0.055085883,16448 16448 16448 16448 16448 32831 32831 64 64 64 32831 32831 64 64 64 32831 32831 64 64 64 32831 32831 64 64 64
42,2.653892994,32832 32832 32832 32832 32832 16448 16448 32832 32832 32832 16448 16448 16448 32832 32832 16448 16448 16448 16448 32832 16448 16448 16448 16448 32832
42,2.197084427,0 0 0 0 0 0 32832 32832 32832 0 0 32832 32832 32832 32832 0 32832 32832 32832 0 0 0 32832 0 0
42,1.714527726,0 0 0 0 0 0 0 32832 32832 0 0 0 32832 32832 0 0 0 32832 32832 0 0 0 0 0 0
42,1.338107109,16448 16448 16448 16448 16448 32831 32831 32831 0 0 32831 0 0 0 0 0 0 0 0 0 0 0 0 0 0
42,1.244046092,0 0 0 0 0 0 0 32832 0 0 0 32832 32832 32832 0 0 0 32832 0 0 0 0 0 0 0
42,0.058074635,32832 16448 16448 16448 16448 32832 32831 32831 16448 16448 64 32831 32831 32831 16448 64 64 32831 32831 64 64 64 64 64 64
